{"thresh":[0,11],"cones":["dd",2,4,6],"cost_primal":[[NaN,1.3724918784282198],[1.199943433784239,1.1999441476625958],[1.1999437567455875,1.1999437567455875],[1.1999434830427429,1.1999434830427429]],"time_primal":[[0.2810093,0.2257926],[0.23136679999999998,0.1410468],[0.1157863,0.1189405],[0.1206682,0.1310449]],"cost_dual":[[0.100000000011327,0.12474703926618864],[0.26554713619135439,0.2655473637889707],[0.65033707307729738,0.65033756681665666],[0.74765152913491351,0.74765080017341623]],"time_dual":[[0.1135447,0.1758583],[0.31372089999999997,0.24654140000000002],[0.24883699999999997,0.23824700000000001],[0.24392329999999998,0.2162378]],"cost_psd":1.199943433165205,"time_psd":0.15087299999999998}