{"thresh":[0,11],"cones":["dd",2,4,6],"cost_primal":[[NaN,62.094555945602913],[0.97939873966308277,0.97946604997337],[0.9794008249319035,0.97943912900467622],[0.97941094094350256,0.97941094975611342]],"time_primal":[[8.3976020000000009,52.4264954],[42.7854359,35.9259051],[37.6062425,29.9675826],[28.2643034,28.868953899999998]],"cost_dual":[[0.10000000003348783,0.11026108420170769],[0.12591752416529611,0.12591774496151698],[0.1625800588513365,0.16257999759422703],[0.30596531766052321,0.30596532414896754]],"time_dual":[[1.9080115000000002,12.7645201],[21.693187899999998,20.6698651],[23.5906065,21.578178],[19.3902133,16.3331391]],"cost_psd":0.97940921322848262,"time_psd":43.047797399999993}