{"thresh":[0,11,60,100],"cones":["dd",1,3,5,8,15,30,55],"cost_primal":[[NaN,NaN,NaN,1.18958104634936],[1.1374948810411449,1.1397857622456193,1.1378101399941529,1.137494589168508],[1.1374756200347005,1.1375384137210003,1.137977935966453,1.1375448092455656],[1.137515989692393,1.137515989694416,1.1376657150500795,1.1375886747957424],[1.1375803349435734,1.137580334948834,1.1376338037824181,1.1374607542109241],[1.1375814171244942,1.137581417125539,1.13742745642713,1.1374940157700832],[1.1373834478204981,1.137383447812168,1.1373834478186309,1.1375165033891987],[1.1373625145526907,1.1373625145612778,1.1373625145674149,1.1373625145526907]],"time_primal":[[33.4773323,56.193289500000006,84.3483034,652.8233771],[677.1379341,589.4038924,572.343879,713.0253859],[136.39839700000002,139.5688589,162.453263,312.4192555],[110.53658159999999,110.5527809,140.0485694,278.5179494],[130.4577816,130.8140386,120.63770799999999,269.6082977],[186.26573,186.3131376,236.71551359999998,301.01913820000004],[569.3192888,576.9180716,569.7562781,576.23864929999991],[2134.0751492000004,2101.4436843,2085.0974592999996,2039.3780295000001]],"sdp_opt_primal":[[false,false,false,false],[false,false,true,true],[true,true,true,true],[true,true,true,true],[true,true,true,true],[true,true,true,true],[true,true,true,true],[true,true,true,true]],"cost_dual":[[0.10000000000001016,0.10128337154380683,0.11745792173162629,0.12454169466467351],[0.10149235267651942,0.10204461731157652,0.11744966275230925,0.12454021001134588],[0.10602857507588959,0.1060750455791017,0.11746144073178387,0.12454000745405591],[0.122474522556706,0.12247580983233609,0.12247465645890387,0.12454019582704123],[0.12392768974051133,0.12392389511151106,0.12404286207811024,0.12454076102932211],[0.12408963894427376,0.12409398049624601,0.12422806440012822,0.12454114357226655],[0.12454439782645288,0.12454161809281035,0.12454755096397266,0.1245422335268246],[0.12455091076312508,0.12454532874554239,1.1373625145674149,1.1373625145526907]],"time_dual":[[14.5400838,78.8808951,73.708309899999989,176.4874828],[430.3736799,381.03273790000003,310.33296989999997,277.7924707],[194.3798167,190.5147596,135.5916224,215.00695589999998],[248.8072884,196.0424852,140.2353311,215.88628659999998],[233.30301820000003,226.05604820000002,181.7979335,232.6616731],[313.0554023,278.17211080000004,297.5291129,327.88177429999996],[1504.2990858,1402.4776639,1379.4135665000001,1259.4483147],[6824.4633137,5070.4858,2085.0974592999996,2039.3780295000001]],"sdp_opt_dual":[[false,false,false,false],[false,false,false,false],[false,false,false,false],[false,false,false,false],[false,false,false,false],[false,false,false,false],[false,false,false,false],[false,false,true,true]]}